{"k5": [["BJJ", "DREAMS", 1.0, 1.0, 45.0], ["MERI", "HANG OUT", "SLEEP", -0.1111111111111111, 1.0, 4.111111111111111], ["UNI", "READ", "MERI", "ARKI", "MEDITATION", "SLEEP", "WAKING UP", "ASSIGNMENTS", "PHYSICS", "ELECTROMAGNETISM", "DAILY MEDITATION", "MATHEMATICS", "FOURIER'S METHODS", 0.125, 1.125, 20.0], ["SLEEP", -0.34782608695652173, 0.9130434782608695, 19.782608695652176], ["MERI", "MEDITATION", "PHYSICS", 0.8888888888888888, 1.4444444444444444, 30.0]], "k5_counts": [[1.0, 1.0], [1.0, 1.0, 1.0], [3.0, 1.0, 1.0, 1.0, 1.0, 1.0, 1.0, 1.0, 2.0, 1.0, 1.0, 1.0, 1.0], [1.0], [1.0, 1.0, 1.0]], "k3": [["MERI", "HANG OUT", "SLEEP", -0.1111111111111111, 1.0, 4.111111111111111], ["MERI", "MEDITATION", 0.9, 1.4, 31.5], ["UNI", "SLEEP", -0.22580645161290322, 0.967741935483871, 19.838709677419356]], "k3_counts": [[1.0, 1.0, 1.0], [1.0, 1.0], [1.0, 1.0]], "k10": [["MERI", "MEDITATION", "SLEEP", 0.8333333333333334, 1.5, 30.0], ["UNI", "TALK", "READ", "MERI", "MEDITATION", "LUNCH", "DINNER", " UNI", "LAB", "ASSIGNMENTS", "KONSTA", "PHYSICS", "VIDEOS", "ELECTROMAGNETISM", "MATHEMATICS", "FOURIER'S METHODS", "KHOA", 1.0, 1.3333333333333333, 30.0], ["UNI", "READ", "WORKOUT", "MERI", "MEDITATION", "SLEEP", "WAKING UP", "PUSH", "ASSIGNMENTS", "PHYSICS", "ELECTROMAGNETISM", "DAILY MEDITATION", "MATHEMATICS", "FOURIER'S METHODS", 0.25, 1.25, 20.0], ["UNI", "READ", "DAILY", "ARKI", "MEDITATION", "WAKING UP", "LUNCH", "ASSIGNMENTS", "KONSTA", "PHYSICS", "DAILY MEDITATION", "MATHEMATICS", "FOURIER'S METHODS", 2.0, 1.0, 20.0], ["MERI", "SLEEP", -0.16666666666666666, 1.1666666666666667, 1.1666666666666667], [-0.1111111111111111, 0.7777777777777778, 20.0], ["MERI", "YOGA", "HANG OUT", 0.25, 0.75, 11.25], ["BJJ", "DREAMS", 1.0, 1.0, 45.0], ["UNI", "READ", "ARKI", "MEDITATION", "SLEEP", "WAKING UP", "LAB", "ASSIGNMENTS", "PHYSICS", "VIDEOS", "ELECTROMAGNETISM", "DAILY MEDITATION", "MATHEMATICS", "FOURIER'S METHODS", -0.6666666666666666, 1.0, 20.0], ["UNI", "MERI", "SLEEP", -0.6153846153846154, 1.0, 20.0]], "k10_counts": [[1.0, 1.0, 1.0], [3.0, 1.0, 1.0, 1.0, 1.0, 1.0, 1.0, 3.0, 1.0, 3.0, 3.0, 2.0, 1.0, 2.0, 1.0, 1.0, 1.0], [3.0, 2.0, 1.0, 1.0, 1.0, 1.0, 1.0, 1.0, 1.0, 1.0, 1.0, 1.0, 1.0, 1.0], [5.0, 1.0, 1.0, 1.0, 1.0, 1.0, 1.0, 2.0, 1.0, 2.0, 1.0, 2.0, 2.0], [1.0, 1.0], [], [1.0, 1.0, 1.0], [1.0, 1.0], [4.0, 1.0, 1.0, 1.0, 1.0, 1.0, 1.0, 1.0, 2.0, 1.0, 1.0, 1.0, 2.0, 2.0], [1.0, 1.0, 1.0]]}